"Iter.","Eval.","Accept.","Steps.","Accept.","Steps.","Accept.","Steps.","Time m:s"
0,42,5.41666666666666630e-01,2,4.37500000000000000e-01,4,4.83333333333333282e-01,2,201.34753838181496
1,45,,,2.50000000000000000e-01,1,3.75000000000000000e-01,2,201.47787310928106
2,48,3.33333333333333315e-01,1,2.50000000000000000e-01,1,,,201.60469228215516
3,54,3.33333333333333315e-01,1,3.33333333333333315e-01,1,,,201.86196181271225
20,34041,7.68955799357604941e-01,729,7.78242031063055451e-01,630,7.56146692957309297e-01,622,6059.131279220805
